Medo,MedoThePedo,imajid2000z1@gmail.com,1234
Candie,cwardingley1,cschwandt1@g.co,VbdCJZvf3
Barbee,bdogg2,btrounce2@netscape.com,Aca118
Lorna,lroffe3,lfonzone3@smugmug.com,GrXoppVvtwQ
Rozanne,rmcswan4,rgayforth4@elegantthemes.com,suWtHSd4
Cassie,cmeineken5,cbloomfield5@yandex.ru,WrD4jCzR3O
Rosalie,rudall6,rbetancourt6@nifty.com,EN8utbi2RPD3
Stephenie,smuckloe7,sweinmann7@sphinn.com,YypQUnDxIZ
Dill,dgreenless8,dokeeffe8@examiner.com,TVnW4JZ5
Rahal,rskill9,rborton9@nbcnews.com,UNlanlAK
Angel,aduckerina,acandeya@facebook.com,lqhetKbmOyj5
Hadlee,hventumb,hbabbsb@a8.net,WmZACgQujrW
Eolanda,enoorwoodc,emcgorleyc@seattletimes.com,4Y6v3fL
Siusan,swrightd,ssalzbergd@cdbaby.com,h8qG0kBKo
Piggy,pborthwicke,pdownese@craigslist.org,1122
Marjie,mwoolacottf,mpietersmaf@irs.gov,QscK81T
Judd,jsparroweg,jcouttsg@google.com.au,JgBsnftoo
Ebba,emcgarelh,ebalsdonh@ow.ly,UaIVV2EEbkQ2
Maribelle,mvaldei,mhaggiei@dailymotion.com,U2Lt1McxcM
Eduardo,eharringtonj,einderwickj@mit.edu,udsF5mj2h
Gabbey,gmacdermottk,gbuntingk@ustream.tv,tSbXh3
Sky,smontaguel,spennockl@sfgate.com,vOvO9K
Julius,joreganm,jburrym@mapy.cz,eYxS3mD
Angie,aewingsn,adaniellon@google.com.hk,teVrzOQoHzZi
Louie,lboydono,lsandwitho@dailymotion.com,wszcN196jw
Lora,lsnellp,ldennerleyp@amazonaws.com,EpzOF3KOT
Orton,ogillittq,ojobbingsq@ustream.tv,bdwZO1HQ8
Marty,mabramr,mgillespeyr@nps.gov,LymXbCl9T0F
Redford,rtompsetts,rbattyes@nba.com,Gbq5YV
Meier,mupstont,mfyerst@newyorker.com,EmrmPuW
Efrem,elairdcraigu,ebloxsomu@so-net.ne.jp,zyz7Kx
Delbert,dhatliffev,darguev@mapy.cz,goA3tp
Dareen,dduligalw,dkleimtw@bloomberg.com,DWKxMcxi
Kirstyn,ksinkinsonx,kbrinkmanx@boston.com,0JIK8IY
Raynell,rbendelly,rmabeny@blogger.com,AnuOQTISk2S
Hercule,hbyrez,hkemerz@bloomberg.com,8VdbT08MKPRo
Lew,loglassane10,lbiers10@theatlantic.com,AGxVdQ
Marijn,mochiltree11,mbrimley11@sohu.com,T9OLkw
Barbabra,bsawdy12,bbleier12@yale.edu,h0R1y30HIP
Shoshanna,snavarijo13,sbrunicke13@baidu.com,nw3GdVkltp4
Nicol,ntarrant14,nmcclifferty14@stanford.edu,H9IJwWYE9om
Sergeant,sanneslie15,sflattman15@dailymotion.com,v6npiLZNEODS
Deena,dskeats16,dgummoe16@reuters.com,RYT0klO
Marcelo,miwanczyk17,mketch17@columbia.edu,FtxxYLftITt
Mervin,mdykins18,magirre18@e-recht24.de,H8Y71H
Ruthanne,rkonmann19,rnairns19@nba.com,IMSULn7
Wandis,wvolonte1a,walleyn1a@over-blog.com,4haIY7d4pD8g
Allan,abaldam1b,acornelleau1b@oracle.com,RJqmadTmX0cC
Kirby,kmacwilliam1c,kskipping1c@intel.com,YpAtI6vTKo
Padget,~,pfarriar1d@time.com,1234
